Id,FirstName,LastName,Email,Phone,AccountId,CreatedDate,LastModifiedDate
003g700000EYqU1AAL,Rose,Gonzalez,rose@edge.com,(512) 757-6000,001g700000JogcFAAR,2026-05-15T08:24:40.000+0000,2026-05-15T08:24:40.000+0000
003g700000EYqU2AAL,Sean,Forbes,sean@edge.com,(512) 757-6000,001g700000JogcFAAR,2026-05-15T08:24:40.000+0000,2026-05-15T08:24:40.000+0000
003g700000EYqU3AAL,Jack,Rogers,jrogers@burlington.com,(336) 222-7000,001g700000JogcGAAR,2026-05-15T08:24:40.000+0000,2026-05-15T08:24:40.000+0000
003g700000EYqU4AAL,Pat,Stumuller,pat@pyramid.net,(014) 427-4427,001g700000JogcHAAR,2026-05-15T08:24:40.000+0000,2026-05-15T08:24:40.000+0000
003g700000EYqU5AAL,Andy,Young,ogifrn@gmail.com,(785) 241-6200,001g700000JogcIAAR,2026-05-15T08:24:40.000+0000,2026-05-15T10:26:43.000+0000
003g700000EYqU6AAL,Tim,Barr,barr_tim@grandhotels.com,(312) 596-1000,001g700000JogcJAAR,2026-05-15T08:24:40.000+0000,2026-05-15T08:24:40.000+0000
003g700000EYqU7AAL,John,Bond,bond_john@grandhotels.com,(312) 596-1000,001g700000JogcJAAR,2026-05-15T08:24:40.000+0000,2026-05-15T08:24:40.000+0000
003g700000EYqU8AAL,Stella,Pavlova,spavlova@uog.com,(212) 842-5500,001g700000JogcKAAR,2026-05-15T08:24:40.000+0000,2026-05-15T08:24:40.000+0000
003g700000EYqU9AAL,Lauren,Boyle,lboyle@uog.com,(212) 842-5500,001g700000JogcKAAR,2026-05-15T08:24:40.000+0000,2026-05-15T08:24:40.000+0000
003g700000EYqUAAA1,Babara,Levy,b.levy@expressl&t.net,(503) 421-7800,001g700000JogcLAAR,2026-05-15T08:24:40.000+0000,2026-05-15T08:24:40.000+0000
003g700000EYqUBAA1,Josh,Davis,j.davis@expressl&t.net,(503) 421-7800,001g700000JogcLAAR,2026-05-15T08:24:40.000+0000,2026-05-15T08:24:40.000+0000
003g700000EYqUCAA1,Jane,Grey,jane_gray@uoa.edu,(520) 773-9050,001g700000JogcMAAR,2026-05-15T08:24:40.000+0000,2026-05-15T08:24:40.000+0000
003g700000EYqUDAA1,Arthur,Song,asong@uog.com,(212) 842-5500,001g700000JogcKAAR,2026-05-15T08:24:40.000+0000,2026-05-15T08:24:40.000+0000
003g700000EYqUEAA1,Ashley,James,ajames@uog.com,+44 191 4956203,001g700000JogcNAAR,2026-05-15T08:24:40.000+0000,2026-05-15T08:24:40.000+0000
003g700000EYqUFAA1,Tom,Ripley,tripley@uog.com,(650) 450-8810,001g700000JogcOAAR,2026-05-15T08:24:40.000+0000,2026-05-15T08:24:40.000+0000
003g700000EYqUGAA1,Liz,D'Cruz,ldcruz@uog.com,(650) 450-8810,001g700000JogcOAAR,2026-05-15T08:24:40.000+0000,2026-05-15T08:24:40.000+0000
003g700000EYqUHAA1,Edna,Frank,efrank@genepoint.com,(650) 867-3450,001g700000JogcPAAR,2026-05-15T08:24:40.000+0000,2026-05-15T08:24:40.000+0000
003g700000EYqUIAA1,Avi,Green,agreen@uog.com,(212) 842-5500,001g700000JogcKAAR,2026-05-15T08:24:40.000+0000,2026-05-15T08:24:40.000+0000
003g700000EYqUJAA1,Siddartha,Nedaerk,,,001g700000JogcQAAR,2026-05-15T08:24:40.000+0000,2026-05-15T08:24:40.000+0000
003g700000EYqUKAA1,Jake,Llorrac,,,001g700000JogcQAAR,2026-05-15T08:24:40.000+0000,2026-05-15T08:24:40.000+0000
